file,format,io,language,size,kb,seconds,backup_image,campaigns,click_url
Static/IO1-Generac/PEI_IO1-Generac_FR_300x250.jpg,JPG,IO 1 – Generac (tag A),FR,300x250,36.7,,,FR 100% FSA + FR 50% FSA,https://www.poulinelectrique.com/generac-apercu?utm_source=evanov&utm_medium=display&utm_campaign=io1-generac-fr&utm_content=static-300x250
Static/IO1-Generac/PEI_IO1-Generac_FR_728x90.jpg,JPG,IO 1 – Generac (tag A),FR,728x90,32.3,,,FR 100% FSA + FR 50% FSA,https://www.poulinelectrique.com/generac-apercu?utm_source=evanov&utm_medium=display&utm_campaign=io1-generac-fr&utm_content=static-728x90
Static/IO1-Generac/PEI_IO1-Generac_FR_160x600.jpg,JPG,IO 1 – Generac (tag A),FR,160x600,44.3,,,FR 100% FSA + FR 50% FSA,https://www.poulinelectrique.com/generac-apercu?utm_source=evanov&utm_medium=display&utm_campaign=io1-generac-fr&utm_content=static-160x600
Static/IO1-Generac/PEI_IO1-Generac_FR_300x600.jpg,JPG,IO 1 – Generac (tag A),FR,300x600,70.0,,,FR 100% FSA + FR 50% FSA,https://www.poulinelectrique.com/generac-apercu?utm_source=evanov&utm_medium=display&utm_campaign=io1-generac-fr&utm_content=static-300x600
Static/IO1-Generac/PEI_IO1-Generac_FR_970x250.jpg,JPG,IO 1 – Generac (tag A),FR,970x250,83.4,,,FR 100% FSA + FR 50% FSA,https://www.poulinelectrique.com/generac-apercu?utm_source=evanov&utm_medium=display&utm_campaign=io1-generac-fr&utm_content=static-970x250
Static/IO1-Generac/PEI_IO1-Generac_FR_320x50.jpg,JPG,IO 1 – Generac (tag A),FR,320x50,10.0,,,FR 100% FSA + FR 50% FSA,https://www.poulinelectrique.com/generac-apercu?utm_source=evanov&utm_medium=display&utm_campaign=io1-generac-fr&utm_content=static-320x50
Static/IO1-Generac/PEI_IO1-Generac_EN_300x250.jpg,JPG,IO 1 – Generac (tag A),EN,300x250,35.5,,,EN 100% FSA + EN 50% FSA,https://en.poulinelectrique.com/generac-apercu?utm_source=evanov&utm_medium=display&utm_campaign=io1-generac-en&utm_content=static-300x250
Static/IO1-Generac/PEI_IO1-Generac_EN_728x90.jpg,JPG,IO 1 – Generac (tag A),EN,728x90,30.1,,,EN 100% FSA + EN 50% FSA,https://en.poulinelectrique.com/generac-apercu?utm_source=evanov&utm_medium=display&utm_campaign=io1-generac-en&utm_content=static-728x90
Static/IO1-Generac/PEI_IO1-Generac_EN_160x600.jpg,JPG,IO 1 – Generac (tag A),EN,160x600,41.1,,,EN 100% FSA + EN 50% FSA,https://en.poulinelectrique.com/generac-apercu?utm_source=evanov&utm_medium=display&utm_campaign=io1-generac-en&utm_content=static-160x600
Static/IO1-Generac/PEI_IO1-Generac_EN_300x600.jpg,JPG,IO 1 – Generac (tag A),EN,300x600,67.2,,,EN 100% FSA + EN 50% FSA,https://en.poulinelectrique.com/generac-apercu?utm_source=evanov&utm_medium=display&utm_campaign=io1-generac-en&utm_content=static-300x600
Static/IO1-Generac/PEI_IO1-Generac_EN_970x250.jpg,JPG,IO 1 – Generac (tag A),EN,970x250,79.2,,,EN 100% FSA + EN 50% FSA,https://en.poulinelectrique.com/generac-apercu?utm_source=evanov&utm_medium=display&utm_campaign=io1-generac-en&utm_content=static-970x250
Static/IO1-Generac/PEI_IO1-Generac_EN_320x50.jpg,JPG,IO 1 – Generac (tag A),EN,320x50,10.0,,,EN 100% FSA + EN 50% FSA,https://en.poulinelectrique.com/generac-apercu?utm_source=evanov&utm_medium=display&utm_campaign=io1-generac-en&utm_content=static-320x50
Static/IO1-Generac/PEI_IO1-Generac_BI_300x250.jpg,JPG,IO 1 – Generac (tag A),FR+EN,300x250,39.9,,,FR or EN campaigns (bilingual option),https://www.poulinelectrique.com/generac-apercu?utm_source=evanov&utm_medium=display&utm_campaign=io1-generac-bi&utm_content=static-300x250
Static/IO1-Generac/PEI_IO1-Generac_BI_728x90.jpg,JPG,IO 1 – Generac (tag A),FR+EN,728x90,36.5,,,FR or EN campaigns (bilingual option),https://www.poulinelectrique.com/generac-apercu?utm_source=evanov&utm_medium=display&utm_campaign=io1-generac-bi&utm_content=static-728x90
Static/IO1-Generac/PEI_IO1-Generac_BI_160x600.jpg,JPG,IO 1 – Generac (tag A),FR+EN,160x600,48.3,,,FR or EN campaigns (bilingual option),https://www.poulinelectrique.com/generac-apercu?utm_source=evanov&utm_medium=display&utm_campaign=io1-generac-bi&utm_content=static-160x600
Static/IO1-Generac/PEI_IO1-Generac_BI_300x600.jpg,JPG,IO 1 – Generac (tag A),FR+EN,300x600,73.5,,,FR or EN campaigns (bilingual option),https://www.poulinelectrique.com/generac-apercu?utm_source=evanov&utm_medium=display&utm_campaign=io1-generac-bi&utm_content=static-300x600
Static/IO1-Generac/PEI_IO1-Generac_BI_970x250.jpg,JPG,IO 1 – Generac (tag A),FR+EN,970x250,89.7,,,FR or EN campaigns (bilingual option),https://www.poulinelectrique.com/generac-apercu?utm_source=evanov&utm_medium=display&utm_campaign=io1-generac-bi&utm_content=static-970x250
Static/IO1-Generac/PEI_IO1-Generac_BI_320x50.jpg,JPG,IO 1 – Generac (tag A),FR+EN,320x50,10.8,,,FR or EN campaigns (bilingual option),https://www.poulinelectrique.com/generac-apercu?utm_source=evanov&utm_medium=display&utm_campaign=io1-generac-bi&utm_content=static-320x50
Static/IO2-Poulin/PEI_IO2-Poulin_FR_300x250.jpg,JPG,IO 2 – Poulin Électrique (tag B),FR,300x250,37.3,,,FR 100% FSA + FR 50% FSA,https://www.poulinelectrique.com/?utm_source=evanov&utm_medium=display&utm_campaign=io2-marque-fr&utm_content=static-300x250
Static/IO2-Poulin/PEI_IO2-Poulin_FR_728x90.jpg,JPG,IO 2 – Poulin Électrique (tag B),FR,728x90,31.7,,,FR 100% FSA + FR 50% FSA,https://www.poulinelectrique.com/?utm_source=evanov&utm_medium=display&utm_campaign=io2-marque-fr&utm_content=static-728x90
Static/IO2-Poulin/PEI_IO2-Poulin_FR_160x600.jpg,JPG,IO 2 – Poulin Électrique (tag B),FR,160x600,40.8,,,FR 100% FSA + FR 50% FSA,https://www.poulinelectrique.com/?utm_source=evanov&utm_medium=display&utm_campaign=io2-marque-fr&utm_content=static-160x600
Static/IO2-Poulin/PEI_IO2-Poulin_FR_300x600.jpg,JPG,IO 2 – Poulin Électrique (tag B),FR,300x600,82.5,,,FR 100% FSA + FR 50% FSA,https://www.poulinelectrique.com/?utm_source=evanov&utm_medium=display&utm_campaign=io2-marque-fr&utm_content=static-300x600
Static/IO2-Poulin/PEI_IO2-Poulin_FR_970x250.jpg,JPG,IO 2 – Poulin Électrique (tag B),FR,970x250,84.4,,,FR 100% FSA + FR 50% FSA,https://www.poulinelectrique.com/?utm_source=evanov&utm_medium=display&utm_campaign=io2-marque-fr&utm_content=static-970x250
Static/IO2-Poulin/PEI_IO2-Poulin_FR_320x50.jpg,JPG,IO 2 – Poulin Électrique (tag B),FR,320x50,9.2,,,FR 100% FSA + FR 50% FSA,https://www.poulinelectrique.com/?utm_source=evanov&utm_medium=display&utm_campaign=io2-marque-fr&utm_content=static-320x50
Static/IO2-Poulin/PEI_IO2-Poulin_EN_300x250.jpg,JPG,IO 2 – Poulin Électrique (tag B),EN,300x250,35.9,,,EN 100% FSA + EN 50% FSA,https://en.poulinelectrique.com/?utm_source=evanov&utm_medium=display&utm_campaign=io2-marque-en&utm_content=static-300x250
Static/IO2-Poulin/PEI_IO2-Poulin_EN_728x90.jpg,JPG,IO 2 – Poulin Électrique (tag B),EN,728x90,32.8,,,EN 100% FSA + EN 50% FSA,https://en.poulinelectrique.com/?utm_source=evanov&utm_medium=display&utm_campaign=io2-marque-en&utm_content=static-728x90
Static/IO2-Poulin/PEI_IO2-Poulin_EN_160x600.jpg,JPG,IO 2 – Poulin Électrique (tag B),EN,160x600,41.4,,,EN 100% FSA + EN 50% FSA,https://en.poulinelectrique.com/?utm_source=evanov&utm_medium=display&utm_campaign=io2-marque-en&utm_content=static-160x600
Static/IO2-Poulin/PEI_IO2-Poulin_EN_300x600.jpg,JPG,IO 2 – Poulin Électrique (tag B),EN,300x600,84.4,,,EN 100% FSA + EN 50% FSA,https://en.poulinelectrique.com/?utm_source=evanov&utm_medium=display&utm_campaign=io2-marque-en&utm_content=static-300x600
Static/IO2-Poulin/PEI_IO2-Poulin_EN_970x250.jpg,JPG,IO 2 – Poulin Électrique (tag B),EN,970x250,86.7,,,EN 100% FSA + EN 50% FSA,https://en.poulinelectrique.com/?utm_source=evanov&utm_medium=display&utm_campaign=io2-marque-en&utm_content=static-970x250
Static/IO2-Poulin/PEI_IO2-Poulin_EN_320x50.jpg,JPG,IO 2 – Poulin Électrique (tag B),EN,320x50,9.3,,,EN 100% FSA + EN 50% FSA,https://en.poulinelectrique.com/?utm_source=evanov&utm_medium=display&utm_campaign=io2-marque-en&utm_content=static-320x50
Static/IO2-Poulin/PEI_IO2-Poulin_BI_300x250.jpg,JPG,IO 2 – Poulin Électrique (tag B),FR+EN,300x250,39.9,,,FR or EN campaigns (bilingual option),https://www.poulinelectrique.com/?utm_source=evanov&utm_medium=display&utm_campaign=io2-marque-bi&utm_content=static-300x250
Static/IO2-Poulin/PEI_IO2-Poulin_BI_728x90.jpg,JPG,IO 2 – Poulin Électrique (tag B),FR+EN,728x90,35.3,,,FR or EN campaigns (bilingual option),https://www.poulinelectrique.com/?utm_source=evanov&utm_medium=display&utm_campaign=io2-marque-bi&utm_content=static-728x90
Static/IO2-Poulin/PEI_IO2-Poulin_BI_160x600.jpg,JPG,IO 2 – Poulin Électrique (tag B),FR+EN,160x600,44.5,,,FR or EN campaigns (bilingual option),https://www.poulinelectrique.com/?utm_source=evanov&utm_medium=display&utm_campaign=io2-marque-bi&utm_content=static-160x600
Static/IO2-Poulin/PEI_IO2-Poulin_BI_300x600.jpg,JPG,IO 2 – Poulin Électrique (tag B),FR+EN,300x600,85.2,,,FR or EN campaigns (bilingual option),https://www.poulinelectrique.com/?utm_source=evanov&utm_medium=display&utm_campaign=io2-marque-bi&utm_content=static-300x600
Static/IO2-Poulin/PEI_IO2-Poulin_BI_970x250.jpg,JPG,IO 2 – Poulin Électrique (tag B),FR+EN,970x250,87.9,,,FR or EN campaigns (bilingual option),https://www.poulinelectrique.com/?utm_source=evanov&utm_medium=display&utm_campaign=io2-marque-bi&utm_content=static-970x250
Static/IO2-Poulin/PEI_IO2-Poulin_BI_320x50.jpg,JPG,IO 2 – Poulin Électrique (tag B),FR+EN,320x50,10.4,,,FR or EN campaigns (bilingual option),https://www.poulinelectrique.com/?utm_source=evanov&utm_medium=display&utm_campaign=io2-marque-bi&utm_content=static-320x50
Video-MP4/IO1-Generac/PEI_IO1-Generac_FR_300x250.mp4,"MP4 (H.264, no sound)",IO 1 – Generac (tag A),FR,300x250,183.8,14.5,Static/IO1-Generac/PEI_IO1-Generac_FR_300x250.jpg,FR 100% FSA + FR 50% FSA,https://www.poulinelectrique.com/generac-apercu?utm_source=evanov&utm_medium=display&utm_campaign=io1-generac-fr&utm_content=video-300x250
Video-MP4/IO1-Generac/PEI_IO1-Generac_FR_728x90.mp4,"MP4 (H.264, no sound)",IO 1 – Generac (tag A),FR,728x90,184.6,14.5,Static/IO1-Generac/PEI_IO1-Generac_FR_728x90.jpg,FR 100% FSA + FR 50% FSA,https://www.poulinelectrique.com/generac-apercu?utm_source=evanov&utm_medium=display&utm_campaign=io1-generac-fr&utm_content=video-728x90
Video-MP4/IO1-Generac/PEI_IO1-Generac_FR_160x600.mp4,"MP4 (H.264, no sound)",IO 1 – Generac (tag A),FR,160x600,159.1,14.5,Static/IO1-Generac/PEI_IO1-Generac_FR_160x600.jpg,FR 100% FSA + FR 50% FSA,https://www.poulinelectrique.com/generac-apercu?utm_source=evanov&utm_medium=display&utm_campaign=io1-generac-fr&utm_content=video-160x600
Video-MP4/IO1-Generac/PEI_IO1-Generac_FR_300x600.mp4,"MP4 (H.264, no sound)",IO 1 – Generac (tag A),FR,300x600,174.0,14.5,Static/IO1-Generac/PEI_IO1-Generac_FR_300x600.jpg,FR 100% FSA + FR 50% FSA,https://www.poulinelectrique.com/generac-apercu?utm_source=evanov&utm_medium=display&utm_campaign=io1-generac-fr&utm_content=video-300x600
Video-MP4/IO1-Generac/PEI_IO1-Generac_FR_970x250.mp4,"MP4 (H.264, no sound)",IO 1 – Generac (tag A),FR,970x250,174.6,14.5,Static/IO1-Generac/PEI_IO1-Generac_FR_970x250.jpg,FR 100% FSA + FR 50% FSA,https://www.poulinelectrique.com/generac-apercu?utm_source=evanov&utm_medium=display&utm_campaign=io1-generac-fr&utm_content=video-970x250
Video-MP4/IO1-Generac/PEI_IO1-Generac_FR_320x50.mp4,"MP4 (H.264, no sound)",IO 1 – Generac (tag A),FR,320x50,49.7,14.5,Static/IO1-Generac/PEI_IO1-Generac_FR_320x50.jpg,FR 100% FSA + FR 50% FSA,https://www.poulinelectrique.com/generac-apercu?utm_source=evanov&utm_medium=display&utm_campaign=io1-generac-fr&utm_content=video-320x50
Video-MP4/IO1-Generac/PEI_IO1-Generac_EN_300x250.mp4,"MP4 (H.264, no sound)",IO 1 – Generac (tag A),EN,300x250,180.6,14.5,Static/IO1-Generac/PEI_IO1-Generac_EN_300x250.jpg,EN 100% FSA + EN 50% FSA,https://en.poulinelectrique.com/generac-apercu?utm_source=evanov&utm_medium=display&utm_campaign=io1-generac-en&utm_content=video-300x250
Video-MP4/IO1-Generac/PEI_IO1-Generac_EN_728x90.mp4,"MP4 (H.264, no sound)",IO 1 – Generac (tag A),EN,728x90,177.5,14.5,Static/IO1-Generac/PEI_IO1-Generac_EN_728x90.jpg,EN 100% FSA + EN 50% FSA,https://en.poulinelectrique.com/generac-apercu?utm_source=evanov&utm_medium=display&utm_campaign=io1-generac-en&utm_content=video-728x90
Video-MP4/IO1-Generac/PEI_IO1-Generac_EN_160x600.mp4,"MP4 (H.264, no sound)",IO 1 – Generac (tag A),EN,160x600,151.2,14.5,Static/IO1-Generac/PEI_IO1-Generac_EN_160x600.jpg,EN 100% FSA + EN 50% FSA,https://en.poulinelectrique.com/generac-apercu?utm_source=evanov&utm_medium=display&utm_campaign=io1-generac-en&utm_content=video-160x600
Video-MP4/IO1-Generac/PEI_IO1-Generac_EN_300x600.mp4,"MP4 (H.264, no sound)",IO 1 – Generac (tag A),EN,300x600,174.2,14.5,Static/IO1-Generac/PEI_IO1-Generac_EN_300x600.jpg,EN 100% FSA + EN 50% FSA,https://en.poulinelectrique.com/generac-apercu?utm_source=evanov&utm_medium=display&utm_campaign=io1-generac-en&utm_content=video-300x600
Video-MP4/IO1-Generac/PEI_IO1-Generac_EN_970x250.mp4,"MP4 (H.264, no sound)",IO 1 – Generac (tag A),EN,970x250,175.4,14.5,Static/IO1-Generac/PEI_IO1-Generac_EN_970x250.jpg,EN 100% FSA + EN 50% FSA,https://en.poulinelectrique.com/generac-apercu?utm_source=evanov&utm_medium=display&utm_campaign=io1-generac-en&utm_content=video-970x250
Video-MP4/IO1-Generac/PEI_IO1-Generac_EN_320x50.mp4,"MP4 (H.264, no sound)",IO 1 – Generac (tag A),EN,320x50,49.5,14.5,Static/IO1-Generac/PEI_IO1-Generac_EN_320x50.jpg,EN 100% FSA + EN 50% FSA,https://en.poulinelectrique.com/generac-apercu?utm_source=evanov&utm_medium=display&utm_campaign=io1-generac-en&utm_content=video-320x50
Video-MP4/IO1-Generac/PEI_IO1-Generac_BI_300x250.mp4,"MP4 (H.264, no sound)",IO 1 – Generac (tag A),FR+EN,300x250,151.8,14.5,Static/IO1-Generac/PEI_IO1-Generac_BI_300x250.jpg,FR or EN campaigns (bilingual option),https://www.poulinelectrique.com/generac-apercu?utm_source=evanov&utm_medium=display&utm_campaign=io1-generac-bi&utm_content=video-300x250
Video-MP4/IO1-Generac/PEI_IO1-Generac_BI_728x90.mp4,"MP4 (H.264, no sound)",IO 1 – Generac (tag A),FR+EN,728x90,151.9,14.5,Static/IO1-Generac/PEI_IO1-Generac_BI_728x90.jpg,FR or EN campaigns (bilingual option),https://www.poulinelectrique.com/generac-apercu?utm_source=evanov&utm_medium=display&utm_campaign=io1-generac-bi&utm_content=video-728x90
Video-MP4/IO1-Generac/PEI_IO1-Generac_BI_160x600.mp4,"MP4 (H.264, no sound)",IO 1 – Generac (tag A),FR+EN,160x600,169.0,14.5,Static/IO1-Generac/PEI_IO1-Generac_BI_160x600.jpg,FR or EN campaigns (bilingual option),https://www.poulinelectrique.com/generac-apercu?utm_source=evanov&utm_medium=display&utm_campaign=io1-generac-bi&utm_content=video-160x600
Video-MP4/IO1-Generac/PEI_IO1-Generac_BI_300x600.mp4,"MP4 (H.264, no sound)",IO 1 – Generac (tag A),FR+EN,300x600,173.5,14.5,Static/IO1-Generac/PEI_IO1-Generac_BI_300x600.jpg,FR or EN campaigns (bilingual option),https://www.poulinelectrique.com/generac-apercu?utm_source=evanov&utm_medium=display&utm_campaign=io1-generac-bi&utm_content=video-300x600
Video-MP4/IO1-Generac/PEI_IO1-Generac_BI_970x250.mp4,"MP4 (H.264, no sound)",IO 1 – Generac (tag A),FR+EN,970x250,173.6,14.5,Static/IO1-Generac/PEI_IO1-Generac_BI_970x250.jpg,FR or EN campaigns (bilingual option),https://www.poulinelectrique.com/generac-apercu?utm_source=evanov&utm_medium=display&utm_campaign=io1-generac-bi&utm_content=video-970x250
Video-MP4/IO1-Generac/PEI_IO1-Generac_BI_320x50.mp4,"MP4 (H.264, no sound)",IO 1 – Generac (tag A),FR+EN,320x50,52.3,14.5,Static/IO1-Generac/PEI_IO1-Generac_BI_320x50.jpg,FR or EN campaigns (bilingual option),https://www.poulinelectrique.com/generac-apercu?utm_source=evanov&utm_medium=display&utm_campaign=io1-generac-bi&utm_content=video-320x50
Video-MP4/IO2-Poulin/PEI_IO2-Poulin_FR_300x250.mp4,"MP4 (H.264, no sound)",IO 2 – Poulin Électrique (tag B),FR,300x250,173.9,14.5,Static/IO2-Poulin/PEI_IO2-Poulin_FR_300x250.jpg,FR 100% FSA + FR 50% FSA,https://www.poulinelectrique.com/?utm_source=evanov&utm_medium=display&utm_campaign=io2-marque-fr&utm_content=video-300x250
Video-MP4/IO2-Poulin/PEI_IO2-Poulin_FR_728x90.mp4,"MP4 (H.264, no sound)",IO 2 – Poulin Électrique (tag B),FR,728x90,145.4,14.5,Static/IO2-Poulin/PEI_IO2-Poulin_FR_728x90.jpg,FR 100% FSA + FR 50% FSA,https://www.poulinelectrique.com/?utm_source=evanov&utm_medium=display&utm_campaign=io2-marque-fr&utm_content=video-728x90
Video-MP4/IO2-Poulin/PEI_IO2-Poulin_FR_160x600.mp4,"MP4 (H.264, no sound)",IO 2 – Poulin Électrique (tag B),FR,160x600,188.8,14.5,Static/IO2-Poulin/PEI_IO2-Poulin_FR_160x600.jpg,FR 100% FSA + FR 50% FSA,https://www.poulinelectrique.com/?utm_source=evanov&utm_medium=display&utm_campaign=io2-marque-fr&utm_content=video-160x600
Video-MP4/IO2-Poulin/PEI_IO2-Poulin_FR_300x600.mp4,"MP4 (H.264, no sound)",IO 2 – Poulin Électrique (tag B),FR,300x600,187.7,14.5,Static/IO2-Poulin/PEI_IO2-Poulin_FR_300x600.jpg,FR 100% FSA + FR 50% FSA,https://www.poulinelectrique.com/?utm_source=evanov&utm_medium=display&utm_campaign=io2-marque-fr&utm_content=video-300x600
Video-MP4/IO2-Poulin/PEI_IO2-Poulin_FR_970x250.mp4,"MP4 (H.264, no sound)",IO 2 – Poulin Électrique (tag B),FR,970x250,189.4,14.5,Static/IO2-Poulin/PEI_IO2-Poulin_FR_970x250.jpg,FR 100% FSA + FR 50% FSA,https://www.poulinelectrique.com/?utm_source=evanov&utm_medium=display&utm_campaign=io2-marque-fr&utm_content=video-970x250
Video-MP4/IO2-Poulin/PEI_IO2-Poulin_FR_320x50.mp4,"MP4 (H.264, no sound)",IO 2 – Poulin Électrique (tag B),FR,320x50,39.0,14.5,Static/IO2-Poulin/PEI_IO2-Poulin_FR_320x50.jpg,FR 100% FSA + FR 50% FSA,https://www.poulinelectrique.com/?utm_source=evanov&utm_medium=display&utm_campaign=io2-marque-fr&utm_content=video-320x50
Video-MP4/IO2-Poulin/PEI_IO2-Poulin_EN_300x250.mp4,"MP4 (H.264, no sound)",IO 2 – Poulin Électrique (tag B),EN,300x250,174.0,14.5,Static/IO2-Poulin/PEI_IO2-Poulin_EN_300x250.jpg,EN 100% FSA + EN 50% FSA,https://en.poulinelectrique.com/?utm_source=evanov&utm_medium=display&utm_campaign=io2-marque-en&utm_content=video-300x250
Video-MP4/IO2-Poulin/PEI_IO2-Poulin_EN_728x90.mp4,"MP4 (H.264, no sound)",IO 2 – Poulin Électrique (tag B),EN,728x90,152.8,14.5,Static/IO2-Poulin/PEI_IO2-Poulin_EN_728x90.jpg,EN 100% FSA + EN 50% FSA,https://en.poulinelectrique.com/?utm_source=evanov&utm_medium=display&utm_campaign=io2-marque-en&utm_content=video-728x90
Video-MP4/IO2-Poulin/PEI_IO2-Poulin_EN_160x600.mp4,"MP4 (H.264, no sound)",IO 2 – Poulin Électrique (tag B),EN,160x600,188.7,14.5,Static/IO2-Poulin/PEI_IO2-Poulin_EN_160x600.jpg,EN 100% FSA + EN 50% FSA,https://en.poulinelectrique.com/?utm_source=evanov&utm_medium=display&utm_campaign=io2-marque-en&utm_content=video-160x600
Video-MP4/IO2-Poulin/PEI_IO2-Poulin_EN_300x600.mp4,"MP4 (H.264, no sound)",IO 2 – Poulin Électrique (tag B),EN,300x600,187.8,14.5,Static/IO2-Poulin/PEI_IO2-Poulin_EN_300x600.jpg,EN 100% FSA + EN 50% FSA,https://en.poulinelectrique.com/?utm_source=evanov&utm_medium=display&utm_campaign=io2-marque-en&utm_content=video-300x600
Video-MP4/IO2-Poulin/PEI_IO2-Poulin_EN_970x250.mp4,"MP4 (H.264, no sound)",IO 2 – Poulin Électrique (tag B),EN,970x250,189.6,14.5,Static/IO2-Poulin/PEI_IO2-Poulin_EN_970x250.jpg,EN 100% FSA + EN 50% FSA,https://en.poulinelectrique.com/?utm_source=evanov&utm_medium=display&utm_campaign=io2-marque-en&utm_content=video-970x250
Video-MP4/IO2-Poulin/PEI_IO2-Poulin_EN_320x50.mp4,"MP4 (H.264, no sound)",IO 2 – Poulin Électrique (tag B),EN,320x50,39.1,14.5,Static/IO2-Poulin/PEI_IO2-Poulin_EN_320x50.jpg,EN 100% FSA + EN 50% FSA,https://en.poulinelectrique.com/?utm_source=evanov&utm_medium=display&utm_campaign=io2-marque-en&utm_content=video-320x50
Video-MP4/IO2-Poulin/PEI_IO2-Poulin_BI_300x250.mp4,"MP4 (H.264, no sound)",IO 2 – Poulin Électrique (tag B),FR+EN,300x250,181.1,14.5,Static/IO2-Poulin/PEI_IO2-Poulin_BI_300x250.jpg,FR or EN campaigns (bilingual option),https://www.poulinelectrique.com/?utm_source=evanov&utm_medium=display&utm_campaign=io2-marque-bi&utm_content=video-300x250
Video-MP4/IO2-Poulin/PEI_IO2-Poulin_BI_728x90.mp4,"MP4 (H.264, no sound)",IO 2 – Poulin Électrique (tag B),FR+EN,728x90,155.2,14.5,Static/IO2-Poulin/PEI_IO2-Poulin_BI_728x90.jpg,FR or EN campaigns (bilingual option),https://www.poulinelectrique.com/?utm_source=evanov&utm_medium=display&utm_campaign=io2-marque-bi&utm_content=video-728x90
Video-MP4/IO2-Poulin/PEI_IO2-Poulin_BI_160x600.mp4,"MP4 (H.264, no sound)",IO 2 – Poulin Électrique (tag B),FR+EN,160x600,188.4,14.5,Static/IO2-Poulin/PEI_IO2-Poulin_BI_160x600.jpg,FR or EN campaigns (bilingual option),https://www.poulinelectrique.com/?utm_source=evanov&utm_medium=display&utm_campaign=io2-marque-bi&utm_content=video-160x600
Video-MP4/IO2-Poulin/PEI_IO2-Poulin_BI_300x600.mp4,"MP4 (H.264, no sound)",IO 2 – Poulin Électrique (tag B),FR+EN,300x600,188.4,14.5,Static/IO2-Poulin/PEI_IO2-Poulin_BI_300x600.jpg,FR or EN campaigns (bilingual option),https://www.poulinelectrique.com/?utm_source=evanov&utm_medium=display&utm_campaign=io2-marque-bi&utm_content=video-300x600
Video-MP4/IO2-Poulin/PEI_IO2-Poulin_BI_970x250.mp4,"MP4 (H.264, no sound)",IO 2 – Poulin Électrique (tag B),FR+EN,970x250,188.7,14.5,Static/IO2-Poulin/PEI_IO2-Poulin_BI_970x250.jpg,FR or EN campaigns (bilingual option),https://www.poulinelectrique.com/?utm_source=evanov&utm_medium=display&utm_campaign=io2-marque-bi&utm_content=video-970x250
Video-MP4/IO2-Poulin/PEI_IO2-Poulin_BI_320x50.mp4,"MP4 (H.264, no sound)",IO 2 – Poulin Électrique (tag B),FR+EN,320x50,44.4,14.5,Static/IO2-Poulin/PEI_IO2-Poulin_BI_320x50.jpg,FR or EN campaigns (bilingual option),https://www.poulinelectrique.com/?utm_source=evanov&utm_medium=display&utm_campaign=io2-marque-bi&utm_content=video-320x50
